"Category","Title in app","Chapters","Exams linked","Source DOCX","DOCX location (K: drive)"
"Guide","GS & GK","76","1130","Cluster_006_GS & GK GUIDE BOOK.docx","K:/H DRIVE/Quantum Climb/CLIENT ASSETS/VeerNXT/CONTENT/FINAL_CONTENT/Final Documents/MASTER DOCUMENTS/Guide/GK-GS/Cluster_006_GS & GK GUIDE BOOK.docx"
"Guide","Mathematics","9","1013","Cluster_008_MATHEMATICS.docx","K:/H DRIVE/Quantum Climb/CLIENT ASSETS/VeerNXT/CONTENT/FINAL_CONTENT/Final Documents/MASTER DOCUMENTS/Guide/Mathematics/Cluster_008_MATHEMATICS.docx"
"Guide","Mathematics","9","1013","MATHEMATICS.docx","K:/H DRIVE/Quantum Climb/CLIENT ASSETS/VeerNXT/CONTENT/ORIGINAL CONTENT/CENTRAL EXAMS/07.CIVIL SERVICES/UPSC/CSE/2. GUIDE BOOK/MATHEMATICS.docx [one of 1094 same-name copies in ORIGINAL CONTENT; no master copy found]"
"Guide","ENGLISH","26","939","Cluster_087_ENGLISH.docx","K:/H DRIVE/Quantum Climb/CLIENT ASSETS/VeerNXT/CONTENT/DEPRECATED/MASTER DOCUMENTS_superseded_20260819/Guide/English/Cluster_087_ENGLISH.docx"
"Guide","Reasoning","12","920","Cluster_007_REASONING.docx","K:/H DRIVE/Quantum Climb/CLIENT ASSETS/VeerNXT/CONTENT/FINAL_CONTENT/Final Documents/MASTER DOCUMENTS/Guide/Reasoning/Cluster_007_REASONING.docx"
"Guide","Computer Science","15","341","Cluster_009_Computer Science guide Book.docx","K:/H DRIVE/Quantum Climb/CLIENT ASSETS/VeerNXT/CONTENT/FINAL_CONTENT/Final Documents/MASTER DOCUMENTS/Guide/Computer/Cluster_009_Computer Science guide Book.docx"
"Guide","HINDI","6","340","Cluster_010_HINDI.docx","K:/H DRIVE/Quantum Climb/CLIENT ASSETS/VeerNXT/CONTENT/FINAL_CONTENT/Final Documents/MASTER DOCUMENTS/Guide/Hindi/Cluster_010_HINDI.docx"
"Guide","Nursing","18","109","Cluster_078_Nursing Book.docx","K:/H DRIVE/Quantum Climb/CLIENT ASSETS/VeerNXT/CONTENT/FINAL_CONTENT/Final Documents/MASTER DOCUMENTS/Guide/Unlabeled/Cluster_078_Nursing Book.docx"
"Guide","RAJASTHAN GS","24","46","RAJASTHAN SI GS GUIDE (1).docx","K:/H DRIVE/Quantum Climb/CLIENT ASSETS/VeerNXT/CONTENT/FINAL_CONTENT/Final Documents/MASTER DOCUMENTS/Guide/GS BOOK STATE/RAJASTHAN SI GS GUIDE (1).docx"
"Guide","Jammu_Kashmir_GS_Book","36","37","Jammu_Kashmir_GS_Book.docx","K:/H DRIVE/Quantum Climb/CLIENT ASSETS/VeerNXT/CONTENT/FINAL_CONTENT/Final Documents/MASTER DOCUMENTS/Guide/GS BOOK UT/Jammu_Kashmir_GS_Book.docx"
"Guide","2026 Descriptive Writing Bank Exams","34","37","Cluster_080_Descriptive_Writing_Bank_Exams.docx","K:/H DRIVE/Quantum Climb/CLIENT ASSETS/VeerNXT/CONTENT/FINAL_CONTENT/Final Documents/MASTER DOCUMENTS/Guide/Unlabeled/Cluster_080_Descriptive_Writing_Bank_Exams.docx"
"Guide","Bihar GS","1","36","Bihar_GS (1).docx","K:/H DRIVE/Quantum Climb/CLIENT ASSETS/VeerNXT/CONTENT/FINAL_CONTENT/Final Documents/MASTER DOCUMENTS/Guide/GS BOOK STATE/Bihar_GS (1).docx"
"Guide","ARUNACHAL PRADESH SI","16","35","ARUNACHAL PRADESH SI (1).docx","K:/H DRIVE/Quantum Climb/CLIENT ASSETS/VeerNXT/CONTENT/FINAL_CONTENT/Final Documents/MASTER DOCUMENTS/Guide/GS BOOK STATE/ARUNACHAL PRADESH SI (1).docx"
"Guide","Jharkhand GS Book","13","34","Jharkhand_GS_Book (1).docx","K:/H DRIVE/Quantum Climb/CLIENT ASSETS/VeerNXT/CONTENT/FINAL_CONTENT/Final Documents/MASTER DOCUMENTS/Guide/GS BOOK STATE/Jharkhand_GS_Book (1).docx"
"Guide","Delhi GS Book","14","33","Delhi_GS_Book.docx","K:/H DRIVE/Quantum Climb/CLIENT ASSETS/VeerNXT/CONTENT/FINAL_CONTENT/Final Documents/MASTER DOCUMENTS/Guide/GS BOOK UT/Delhi_GS_Book.docx"
"Guide","Gujarat GS","15","31","Gujarat_GS (1).docx","K:/H DRIVE/Quantum Climb/CLIENT ASSETS/VeerNXT/CONTENT/FINAL_CONTENT/Final Documents/MASTER DOCUMENTS/Guide/GS BOOK STATE/Gujarat_GS (1).docx"
"Guide","ARUNACHAL PRADESH GS","16","31","ARUNACHAL PRADESH GS.docx","K:/H DRIVE/Quantum Climb/CLIENT ASSETS/VeerNXT/CONTENT/ORIGINAL CONTENT/CENTRAL EXAMS/18.POLICE EXAMS/08 (1).Arunachal_Pradesh_Police/02 (1).MTS/2.GUIDE_BOOK/ARUNACHAL PRADESH gs.docx [one of 1 same-name copies in ORIGINAL CONTENT; no master copy found]"
"Guide","Haryana GS","12","30","Haryana_GS (1).docx","K:/H DRIVE/Quantum Climb/CLIENT ASSETS/VeerNXT/CONTENT/FINAL_CONTENT/Final Documents/MASTER DOCUMENTS/Guide/GS BOOK STATE/Haryana_GS (1).docx"
"Guide","Assam GS","1","30","Assam_GS (1).docx","K:/H DRIVE/Quantum Climb/CLIENT ASSETS/VeerNXT/CONTENT/FINAL_CONTENT/Final Documents/MASTER DOCUMENTS/Guide/GS BOOK STATE/Assam_GS (1).docx"
"Guide","Madhya Pradesh GS","16","28","Madhya_Pradesh_GS (1).docx","K:/H DRIVE/Quantum Climb/CLIENT ASSETS/VeerNXT/CONTENT/FINAL_CONTENT/Final Documents/MASTER DOCUMENTS/Guide/GS BOOK STATE/Madhya_Pradesh_GS (1).docx"
"Guide","MAHARASHTRA GS","13","26","MAHARSHTRA GS (1).docx","K:/H DRIVE/Quantum Climb/CLIENT ASSETS/VeerNXT/CONTENT/FINAL_CONTENT/Final Documents/MASTER DOCUMENTS/Guide/GS BOOK STATE/MAHARSHTRA GS (1).docx"
"Guide","KERALA GS","16","24","KERALA CONSTABLE (1).docx","K:/H DRIVE/Quantum Climb/CLIENT ASSETS/VeerNXT/CONTENT/FINAL_CONTENT/Final Documents/MASTER DOCUMENTS/Guide/GS BOOK STATE/KERALA CONSTABLE (1).docx"
"Guide","TamilNadu GS","12","24","TamilNadu CONSTABLE (1).docx","K:/H DRIVE/Quantum Climb/CLIENT ASSETS/VeerNXT/CONTENT/FINAL_CONTENT/Final Documents/MASTER DOCUMENTS/Guide/GS BOOK STATE/TamilNadu CONSTABLE (1).docx"
"Guide","Chhattisgarh GS","18","23","Chhattisgarh_GS.docx","K:/H DRIVE/Quantum Climb/CLIENT ASSETS/VeerNXT/CONTENT/ORIGINAL CONTENT/STATE EXAMS/5. Chhattisgarh/1. Chhattisgarh PSC/7. CGPSC Assistant Professor/2. GUIDEBOOK/Chhattisgarh_GS.docx [one of 24 same-name copies in ORIGINAL CONTENT; no master copy found]"
"Guide","Manipur GS Book","14","22","Manipur_GS_Book.docx","K:/H DRIVE/Quantum Climb/CLIENT ASSETS/VeerNXT/CONTENT/FINAL_CONTENT/Final Documents/MASTER DOCUMENTS/Guide/GS BOOK STATE/Manipur_GS_Book.docx"
"Guide","Karnataka GS","18","21","Karnataka_GS.docx","K:/H DRIVE/Quantum Climb/CLIENT ASSETS/VeerNXT/CONTENT/ORIGINAL CONTENT/STATE EXAMS/11. Karnataka/1. Karnataka Public Service Commission/6. KPSC Assistant Professor/2. GUIDEBOOK/Karnataka_GS.docx [one of 42 same-name copies in ORIGINAL CONTENT; no master copy found]"
"Guide","Andhra Pradesh GS","17","21","Andhra_Pradesh GS.docx","K:/H DRIVE/Quantum Climb/CLIENT ASSETS/VeerNXT/CONTENT/ORIGINAL CONTENT/STATE EXAMS/1. Andhra Pradesh/2. Andhra Pradesh Police/1. AP Police SI/3. PRECIS/Andhra_Pradesh GS.docx [one of 19 same-name copies in ORIGINAL CONTENT; no master copy found]"
"Guide","Telangana GS 2026","11","21","Telangana_CONSTABLE.docx","K:/H DRIVE/Quantum Climb/CLIENT ASSETS/VeerNXT/CONTENT/FINAL_CONTENT/Final Documents/MASTER DOCUMENTS/Guide/GS BOOK STATE/Telangana_CONSTABLE.docx"
"Guide","Odisha GS","24","20","Odisha CONSTABLE (1).docx","K:/H DRIVE/Quantum Climb/CLIENT ASSETS/VeerNXT/CONTENT/FINAL_CONTENT/Final Documents/MASTER DOCUMENTS/Guide/GS BOOK STATE/Odisha CONSTABLE (1).docx"
"Guide","Ladakh GS","16","18","Ladakh_GS_Book.docx","K:/H DRIVE/Quantum Climb/CLIENT ASSETS/VeerNXT/CONTENT/FINAL_CONTENT/Final Documents/MASTER DOCUMENTS/Guide/GS BOOK UT/Ladakh_GS_Book.docx"
"Guide","Himachal Pradesh GS","14","18","Himachal_Pradesh_GS.docx","K:/H DRIVE/Quantum Climb/CLIENT ASSETS/VeerNXT/CONTENT/ORIGINAL CONTENT/STATE EXAMS/9. Himachal Pradesh/3. Himachal Pradesh Police/1. Himachal Pradesh Police Constable/2. GUIDEBOOK/Himachal_Pradesh_GS.docx [one of 28 same-name copies in ORIGINAL CONTENT; no master copy found]"
"Guide","Andaman Nicobar GS","12","17","Andaman_Nicobar_GS_Book (1).docx","K:/H DRIVE/Quantum Climb/CLIENT ASSETS/VeerNXT/CONTENT/FINAL_CONTENT/Final Documents/MASTER DOCUMENTS/Guide/GS BOOK UT/Andaman_Nicobar_GS_Book (1).docx"
"Guide","Meghalaya GS","13","17","Meghalaya_GS_Book.docx","K:/H DRIVE/Quantum Climb/CLIENT ASSETS/VeerNXT/CONTENT/FINAL_CONTENT/Final Documents/MASTER DOCUMENTS/Guide/GS BOOK STATE/Meghalaya_GS_Book.docx"
"Guide","Mizoram GS","13","17","Mizoram_GS_Book (1).docx","K:/H DRIVE/Quantum Climb/CLIENT ASSETS/VeerNXT/CONTENT/FINAL_CONTENT/Final Documents/MASTER DOCUMENTS/Guide/GS BOOK STATE/Mizoram_GS_Book (1).docx"
"Guide","Dadra Nagar Haveli Daman Diu GS","13","16","Dadra_Nagar_Haveli_Daman_Diu_GS_Book.docx","K:/H DRIVE/Quantum Climb/CLIENT ASSETS/VeerNXT/CONTENT/FINAL_CONTENT/Final Documents/MASTER DOCUMENTS/Guide/GS BOOK UT/Dadra_Nagar_Haveli_Daman_Diu_GS_Book.docx"
"Guide","Goa GS","14","16","Goa GS (1).docx","K:/H DRIVE/Quantum Climb/CLIENT ASSETS/VeerNXT/CONTENT/FINAL_CONTENT/Final Documents/MASTER DOCUMENTS/Guide/GS BOOK STATE/Goa GS (1).docx"
"Guide","PUNJAB GS","13","16","punjab si guide book (1).docx","K:/H DRIVE/Quantum Climb/CLIENT ASSETS/VeerNXT/CONTENT/FINAL_CONTENT/Final Documents/MASTER DOCUMENTS/Guide/GS BOOK STATE/punjab si guide book (1).docx"
"Guide","Uttarakhand GS","14","16","Uttarakhand_CONSTABLE (1).docx","K:/H DRIVE/Quantum Climb/CLIENT ASSETS/VeerNXT/CONTENT/FINAL_CONTENT/Final Documents/MASTER DOCUMENTS/Guide/GS BOOK STATE/Uttarakhand_CONSTABLE (1).docx"
"Guide","Tripura GS","16","16","Tripura_CONSTABLE.docx","K:/H DRIVE/Quantum Climb/CLIENT ASSETS/VeerNXT/CONTENT/FINAL_CONTENT/Final Documents/MASTER DOCUMENTS/Guide/GS BOOK STATE/Tripura_CONSTABLE.docx"
"Guide","Chandigarh GS","13","14","Chandigarh_GS_Book.docx","K:/H DRIVE/Quantum Climb/CLIENT ASSETS/VeerNXT/CONTENT/FINAL_CONTENT/Final Documents/MASTER DOCUMENTS/Guide/GS BOOK UT/Chandigarh_GS_Book.docx"
"Guide","Puducherry GS","14","13","Puducherry_GS_Book.docx","K:/H DRIVE/Quantum Climb/CLIENT ASSETS/VeerNXT/CONTENT/FINAL_CONTENT/Final Documents/MASTER DOCUMENTS/Guide/GS BOOK UT/Puducherry_GS_Book.docx"
"Guide","West Bengal GS","28","13","WB_Police_ SI.docx","K:/H DRIVE/Quantum Climb/CLIENT ASSETS/VeerNXT/CONTENT/FINAL_CONTENT/Final Documents/MASTER DOCUMENTS/Guide/GS BOOK STATE/WB_Police_ SI.docx"
"Guide","Lakshadweep GS","13","12","Lakshadweep_GS_Book.docx","K:/H DRIVE/Quantum Climb/CLIENT ASSETS/VeerNXT/CONTENT/FINAL_CONTENT/Final Documents/MASTER DOCUMENTS/Guide/GS BOOK UT/Lakshadweep_GS_Book.docx"
"Guide","Chhattisgarh GS","18","11","Chhattisgarh_SI (1).docx","K:/H DRIVE/Quantum Climb/CLIENT ASSETS/VeerNXT/CONTENT/FINAL_CONTENT/Final Documents/MASTER DOCUMENTS/Guide/GS BOOK STATE/Chhattisgarh_SI (1).docx"
"Guide","Himachal Pradesh GS","14","10","Himachal_Pradesh_CONSTABLE (1).docx","K:/H DRIVE/Quantum Climb/CLIENT ASSETS/VeerNXT/CONTENT/FINAL_CONTENT/Final Documents/MASTER DOCUMENTS/Guide/GS BOOK STATE/Himachal_Pradesh_CONSTABLE (1).docx"
"Guide","Karnataka GS","18","9","Karnataka_CONSTABLE (1).docx","K:/H DRIVE/Quantum Climb/CLIENT ASSETS/VeerNXT/CONTENT/FINAL_CONTENT/Final Documents/MASTER DOCUMENTS/Guide/GS BOOK STATE/Karnataka_CONSTABLE (1).docx"
"Guide","Metro_Technical_Knowledge","50","3","Metro_Technical_Knowledge.docx","NOT FOUND"
"Guide","MATHS AND REASONING","13","2","Cluster_019_MATHS AND REASONING GUIDE BOOK.docx","K:/H DRIVE/Quantum Climb/CLIENT ASSETS/VeerNXT/CONTENT/FINAL_CONTENT/Final Documents/MASTER DOCUMENTS/Guide/Mathematics/Cluster_019_MATHS AND REASONING GUIDE BOOK.docx"
"Guide","Goa GS","14","1","Goa SI.docx","NOT FOUND"
"Guide","ELECTRICAL ENGINEERING","1","1","Cluster_042_ELECTRICAL ENGINEERING.docx","NOT FOUND"
"Guide","Delhi Police Driver Traffic Rules","14","1","Cluster_076_Delhi_Police_Driver_Traffic_Rules.docx","K:/H DRIVE/Quantum Climb/CLIENT ASSETS/VeerNXT/CONTENT/FINAL_CONTENT/Final Documents/MASTER DOCUMENTS/Guide/GK-GS/Cluster_076_Delhi_Police_Driver_Traffic_Rules.docx"
"Precis","GS & GK","136","1130","Cluster_001_SSC COMPLETE GK.docx","K:/H DRIVE/Quantum Climb/CLIENT ASSETS/VeerNXT/CONTENT/FINAL_CONTENT/Final Documents/MASTER DOCUMENTS/Precis/GK-GS/Cluster_001_SSC COMPLETE GK.docx"
"Precis","MATHEMATICS","20","1013","MATHEMATICS.docx","K:/H DRIVE/Quantum Climb/CLIENT ASSETS/VeerNXT/CONTENT/ORIGINAL CONTENT/CENTRAL EXAMS/07.CIVIL SERVICES/UPSC/CSE/2. GUIDE BOOK/MATHEMATICS.docx [one of 1094 same-name copies in ORIGINAL CONTENT; no master copy found]"
"Precis","MATHEMATICS","20","1013","Cluster_003_MATHEMATICS.docx","K:/H DRIVE/Quantum Climb/CLIENT ASSETS/VeerNXT/CONTENT/FINAL_CONTENT/Final Documents/MASTER DOCUMENTS/Precis/Mathematics/Cluster_003_MATHEMATICS.docx"
"Precis","ENGLISH","1","939","Cluster_005_ENGLISH.docx","K:/H DRIVE/Quantum Climb/CLIENT ASSETS/VeerNXT/CONTENT/FINAL_CONTENT/Final Documents/MASTER DOCUMENTS/Guide/English/Cluster_005_ENGLISH.docx | K:/H DRIVE/Quantum Climb/CLIENT ASSETS/VeerNXT/CONTENT/FINAL_CONTENT/Final Documents/MASTER DOCUMENTS/Precis/English/Cluster_005_ENGLISH.docx"
"Precis","ENGLISH","1","939","ENGLISH.docx","K:/H DRIVE/Quantum Climb/CLIENT ASSETS/VeerNXT/CONTENT/ORIGINAL CONTENT/CENTRAL EXAMS/01.SSC/1.SSC CGL (Combined Graduate Level)/2.GUIDE BOOK/ENGLISH/ENGLISH.docx [one of 1243 same-name copies in ORIGINAL CONTENT; no master copy found]"
"Precis","REASONING","1","920","REASONING.docx","K:/H DRIVE/Quantum Climb/CLIENT ASSETS/VeerNXT/CONTENT/ORIGINAL CONTENT/CENTRAL EXAMS/20. PUBLIC SECTOR UNDERTAKING NAVRATNA/22. SECI - SOLAR ENERGY CORPORATION OF INDIA/3. PRECIS/REASONING.docx [one of 1101 same-name copies in ORIGINAL CONTENT; no master copy found]"
"Precis","REASONING","1","920","Cluster_004_REASONING.docx","K:/H DRIVE/Quantum Climb/CLIENT ASSETS/VeerNXT/CONTENT/FINAL_CONTENT/Final Documents/MASTER DOCUMENTS/Precis/Reasoning/Cluster_004_REASONING.docx"
"Precis","Computer Science","15","341","Cluster_040_Computer Science guide Book.docx","K:/H DRIVE/Quantum Climb/CLIENT ASSETS/VeerNXT/CONTENT/FINAL_CONTENT/Final Documents/MASTER DOCUMENTS/Precis/Computer/Cluster_040_Computer Science guide Book.docx"
"Precis","HINDI","19","340","Cluster_012_HINDI.docx","K:/H DRIVE/Quantum Climb/CLIENT ASSETS/VeerNXT/CONTENT/FINAL_CONTENT/Final Documents/MASTER DOCUMENTS/Precis/Hindi/Cluster_012_HINDI.docx"
"Precis","2026 GK-GS","127","104","Cluster_001_SSC COMPLETE GK.docx","K:/H DRIVE/Quantum Climb/CLIENT ASSETS/VeerNXT/CONTENT/FINAL_CONTENT/Final Documents/MASTER DOCUMENTS/Precis/GK-GS/Cluster_001_SSC COMPLETE GK.docx"
"Precis","ELECTRICAL ENGINEERING","1","1","Cluster_044_ELECTRICAL ENGINEERING.docx","K:/H DRIVE/Quantum Climb/CLIENT ASSETS/VeerNXT/CONTENT/FINAL_CONTENT/Final Documents/MASTER DOCUMENTS/Precis/Unlabeled/Cluster_044_ELECTRICAL ENGINEERING.docx"